,0
Avg Fwd Segment Size,0.042403798317760845
Init Fwd Win Bytes,0.04185518027419928
Fwd Packet Length Mean,0.03933617641016058
Fwd Packet Length Max,0.0375744931147803
Fwd Packets Length Total,0.036520197797273855
Subflow Fwd Bytes,0.031396538482424984
Bwd Packet Length Std,0.031384648449461365
Packet Length Std,0.03116830056633773
Bwd Packet Length Mean,0.029416716923012308
Bwd Packet Length Max,0.028305402342828058
Fwd IAT Total,0.028214356983069334
Fwd Header Length,0.026470340088211256
Bwd Packets Length Total,0.025618874796125825
Avg Bwd Segment Size,0.0255228794786461
Avg Packet Size,0.024798537153154304
Bwd Packets/s,0.024767205145297656
Packet Length Variance,0.02470285472222122
Packet Length Max,0.023931781660778167
Flow Duration,0.023770439172481624
Fwd IAT Min,0.023180754204440514
Flow IAT Max,0.022836303858030572
Fwd Packets/s,0.02195642458610352
Flow IAT Mean,0.021701721386772736
Fwd IAT Mean,0.02163409251169974
Packet Length Mean,0.020315799861127682
Subflow Bwd Bytes,0.018994770300647962
Fwd IAT Max,0.018931875158112024
Flow Packets/s,0.018305841391464794
Bwd Header Length,0.017805062019041886
Flow IAT Min,0.01756248749389078
Fwd Packet Length Std,0.01724221827365901
Init Bwd Win Bytes,0.015325282099394065
Fwd Seg Size Min,0.015133852277685923
Total Backward Packets,0.013767522814643657
Flow Bytes/s,0.013733852428765694
Subflow Bwd Packets,0.012338580689655624
Flow IAT Std,0.01209912964781975
Fwd IAT Std,0.011667284933865147
Fwd Act Data Packets,0.009956767465905488
Subflow Fwd Packets,0.009069097291353917
Bwd IAT Std,0.008802261180110769
Total Fwd Packets,0.008344401874055305
Idle Min,0.007470270594061833
Idle Mean,0.007022040888013178
Idle Max,0.006258641719261793
Bwd IAT Mean,0.006094882925488813
Bwd IAT Max,0.004892346415694845
Bwd IAT Total,0.004232682084155569
Bwd IAT Min,0.003664697523741319
Active Max,0.002491124369722306
Active Min,0.0024456275027871957
Active Mean,0.0021015779863467806
Idle Std,0.001883104297409959
URG Flag Count,0.001524865130754727
SYN Flag Count,0.0011512274417190313
Active Std,0.0006065030359604008
Fwd PSH Flags,0.0002963024584109423
