Actual,Predicted,Raw_Confidence,Calibrated_Confidence,Correct,Confidence_Range,Action,Operational_Threshold
27,0,0.9909636,0.98040867,False,"(0.95, 1.0]",Analyst Review,0.99
27,0,0.9829965,0.96893424,False,"(0.95, 1.0]",Analyst Review,0.99
27,0,0.97162986,0.9549316,False,"(0.95, 1.0]",Analyst Review,0.99
27,0,0.9972556,0.99181795,False,"(0.95, 1.0]",Automatic Alert,0.99
27,0,0.9679233,0.9507319,False,"(0.95, 1.0]",Analyst Review,0.99
27,0,0.969464,0.95246017,False,"(0.95, 1.0]",Analyst Review,0.99
27,0,0.99082726,0.9801932,False,"(0.95, 1.0]",Analyst Review,0.99
27,0,0.99445903,0.9863014,False,"(0.95, 1.0]",Analyst Review,0.99
31,0,0.9774015,0.9617937,False,"(0.95, 1.0]",Analyst Review,0.99
27,0,0.9971276,0.9915394,False,"(0.95, 1.0]",Automatic Alert,0.99
27,0,0.99837387,0.9944307,False,"(0.95, 1.0]",Automatic Alert,0.99
27,0,0.99349,0.9845857,False,"(0.95, 1.0]",Analyst Review,0.99
27,0,0.98171943,0.96725297,False,"(0.95, 1.0]",Analyst Review,0.99
27,0,0.8121315,0.8212759,False,"(0.8, 0.9]",Analyst Review,0.99
27,0,0.9809833,0.9662988,False,"(0.95, 1.0]",Analyst Review,0.99
14,0,0.62791795,0.6964363,False,"(0.6, 0.7]",Analyst Review,0.99
27,0,0.98801744,0.9759269,False,"(0.95, 1.0]",Analyst Review,0.99
27,0,0.9911397,0.98068845,False,"(0.95, 1.0]",Analyst Review,0.99
27,0,0.9891775,0.97765064,False,"(0.95, 1.0]",Analyst Review,0.99
27,0,0.99686533,0.99097884,False,"(0.95, 1.0]",Automatic Alert,0.99
27,0,0.8752949,0.8679494,False,"(0.8, 0.9]",Analyst Review,0.99
27,0,0.9910164,0.98049235,False,"(0.95, 1.0]",Analyst Review,0.99
27,0,0.9348804,0.9176918,False,"(0.9, 0.95]",Analyst Review,0.99
27,0,0.95302325,0.93503606,False,"(0.9, 0.95]",Analyst Review,0.99
27,0,0.72128206,0.7587997,False,"(0.7, 0.8]",Analyst Review,0.99
27,0,0.8015449,0.8137922,False,"(0.8, 0.9]",Analyst Review,0.99
5,0,0.7866919,0.8034077,False,"(0.8, 0.9]",Analyst Review,0.99
27,0,0.99572134,0.9886657,False,"(0.95, 1.0]",Analyst Review,0.99
27,0,0.9864102,0.9736129,False,"(0.95, 1.0]",Analyst Review,0.99
1,0,0.8683215,0.86257684,False,"(0.8, 0.9]",Analyst Review,0.99
27,0,0.9978801,0.9932319,False,"(0.95, 1.0]",Automatic Alert,0.99
27,0,0.9666772,0.949351,False,"(0.9, 0.95]",Analyst Review,0.99
27,0,0.99364823,0.9848608,False,"(0.95, 1.0]",Analyst Review,0.99
27,0,0.9543053,0.93632555,False,"(0.9, 0.95]",Analyst Review,0.99
27,0,0.9848585,0.97145003,False,"(0.95, 1.0]",Analyst Review,0.99
27,0,0.97613543,0.96025014,False,"(0.95, 1.0]",Analyst Review,0.99
27,0,0.9958681,0.9889521,False,"(0.95, 1.0]",Analyst Review,0.99
27,0,0.9188351,0.9034319,False,"(0.9, 0.95]",Analyst Review,0.99
27,0,0.92321086,0.90723956,False,"(0.9, 0.95]",Analyst Review,0.99
18,16,0.88961834,0.87921685,False,"(0.8, 0.9]",Analyst Review,0.99
27,0,0.99054223,0.97974545,False,"(0.95, 1.0]",Analyst Review,0.99
27,0,0.8824754,0.8735564,False,"(0.8, 0.9]",Analyst Review,0.99
27,0,0.9840299,0.9703204,False,"(0.95, 1.0]",Analyst Review,0.99
5,0,0.9816983,0.9672253,False,"(0.95, 1.0]",Analyst Review,0.99
27,0,0.92390424,0.9078482,False,"(0.9, 0.95]",Analyst Review,0.99
27,0,0.89896804,0.8867652,False,"(0.8, 0.9]",Analyst Review,0.99
27,0,0.95439684,0.93641794,False,"(0.9, 0.95]",Analyst Review,0.99
27,0,0.98231375,0.9680311,False,"(0.95, 1.0]",Analyst Review,0.99
27,0,0.98527133,0.97201914,False,"(0.95, 1.0]",Analyst Review,0.99
27,0,0.9822458,0.96794176,False,"(0.95, 1.0]",Analyst Review,0.99
27,0,0.98697644,0.97441906,False,"(0.95, 1.0]",Analyst Review,0.99
27,0,0.9964522,0.99012077,False,"(0.95, 1.0]",Automatic Alert,0.99
27,0,0.981262,0.9666588,False,"(0.95, 1.0]",Analyst Review,0.99
28,0,0.82722235,0.83208126,False,"(0.8, 0.9]",Analyst Review,0.99
8,13,0.78626215,0.80310905,False,"(0.8, 0.9]",Analyst Review,0.99
27,0,0.9933021,0.9842614,False,"(0.95, 1.0]",Analyst Review,0.99
9,17,0.98486197,0.97145474,False,"(0.95, 1.0]",Analyst Review,0.99
17,10,0.9212424,0.9055197,False,"(0.9, 0.95]",Analyst Review,0.99
27,0,0.99064106,0.9799003,False,"(0.95, 1.0]",Analyst Review,0.99
27,0,0.9800004,0.9650405,False,"(0.95, 1.0]",Analyst Review,0.99
27,0,0.9778349,0.9623276,False,"(0.95, 1.0]",Analyst Review,0.99
27,0,0.99769896,0.9928114,False,"(0.95, 1.0]",Automatic Alert,0.99
27,0,0.95573515,0.9377755,False,"(0.9, 0.95]",Analyst Review,0.99
27,0,0.9663403,0.94898015,False,"(0.9, 0.95]",Analyst Review,0.99
19,0,0.598692,0.6768532,False,"(0.6, 0.7]",Analyst Review,0.99
0,20,0.59301233,0.6730318,False,"(0.6, 0.7]",Analyst Review,0.99
27,0,0.99644226,0.99010044,False,"(0.95, 1.0]",Automatic Alert,0.99
27,0,0.9402511,0.92266977,False,"(0.9, 0.95]",Analyst Review,0.99
27,0,0.997247,0.9917991,False,"(0.95, 1.0]",Automatic Alert,0.99
27,0,0.9384402,0.92097825,False,"(0.9, 0.95]",Analyst Review,0.99
0,27,0.65510774,0.7145786,False,"(0.7, 0.8]",Analyst Review,0.99
27,0,0.988634,0.976837,False,"(0.95, 1.0]",Analyst Review,0.99
27,0,0.9449824,0.9271569,False,"(0.9, 0.95]",Analyst Review,0.99
27,0,0.99035347,0.979451,False,"(0.95, 1.0]",Analyst Review,0.99
27,0,0.9933716,0.9843811,False,"(0.95, 1.0]",Analyst Review,0.99
27,0,0.9799493,0.9649757,False,"(0.95, 1.0]",Analyst Review,0.99
27,0,0.9197048,0.9041842,False,"(0.9, 0.95]",Analyst Review,0.99
5,0,0.9399993,0.9224337,False,"(0.9, 0.95]",Analyst Review,0.99
27,0,0.9026775,0.889808,False,"(0.8, 0.9]",Analyst Review,0.99
27,0,0.9903482,0.9794428,False,"(0.95, 1.0]",Analyst Review,0.99
0,1,0.5286591,0.62917805,False,"(0.6, 0.7]",Analyst Review,0.99
2,0,0.9915024,0.98126924,False,"(0.95, 1.0]",Analyst Review,0.99
27,0,0.9867199,0.97405267,False,"(0.95, 1.0]",Analyst Review,0.99
27,0,0.99352914,0.98465365,False,"(0.95, 1.0]",Analyst Review,0.99
27,0,0.8800748,0.8716729,False,"(0.8, 0.9]",Analyst Review,0.99
27,0,0.9338077,0.9167111,False,"(0.9, 0.95]",Analyst Review,0.99
27,0,0.99788445,0.99324197,False,"(0.95, 1.0]",Automatic Alert,0.99
27,0,0.95474094,0.93676597,False,"(0.9, 0.95]",Analyst Review,0.99
8,11,0.59573686,0.6748656,False,"(0.6, 0.7]",Analyst Review,0.99
27,0,0.8759797,0.86848074,False,"(0.8, 0.9]",Analyst Review,0.99
27,0,0.9996625,0.99825126,False,"(0.95, 1.0]",Automatic Alert,0.99
27,0,0.98808295,0.97602296,False,"(0.95, 1.0]",Analyst Review,0.99
27,0,0.9862487,0.9733847,False,"(0.95, 1.0]",Analyst Review,0.99
27,0,0.98655313,0.97381556,False,"(0.95, 1.0]",Analyst Review,0.99
30,0,0.616756,0.6889708,False,"(0.6, 0.7]",Analyst Review,0.99
0,27,0.67670166,0.72897404,False,"(0.7, 0.8]",Analyst Review,0.99
27,0,0.9840671,0.97037065,False,"(0.95, 1.0]",Analyst Review,0.99
27,0,0.98726636,0.9748355,False,"(0.95, 1.0]",Analyst Review,0.99
27,0,0.9619011,0.94418544,False,"(0.9, 0.95]",Analyst Review,0.99
13,5,0.8703022,0.8640959,False,"(0.8, 0.9]",Analyst Review,0.99
0,25,0.75242174,0.7798536,False,"(0.7, 0.8]",Analyst Review,0.99
27,0,0.97432715,0.9580846,False,"(0.95, 1.0]",Analyst Review,0.99
27,0,0.9159395,0.9009419,False,"(0.9, 0.95]",Analyst Review,0.99
27,0,0.9937919,0.98511225,False,"(0.95, 1.0]",Analyst Review,0.99
27,0,0.8310846,0.83487576,False,"(0.8, 0.9]",Analyst Review,0.99
27,0,0.98147017,0.96692866,False,"(0.95, 1.0]",Analyst Review,0.99
27,0,0.8019542,0.8140803,False,"(0.8, 0.9]",Analyst Review,0.99
27,0,0.9535231,0.9355376,False,"(0.9, 0.95]",Analyst Review,0.99
27,0,0.94815993,0.93022996,False,"(0.9, 0.95]",Analyst Review,0.99
27,0,0.97645265,0.9606347,False,"(0.95, 1.0]",Analyst Review,0.99
27,0,0.8863699,0.8766319,False,"(0.8, 0.9]",Analyst Review,0.99
27,0,0.98050916,0.96568966,False,"(0.95, 1.0]",Analyst Review,0.99
27,0,0.8712562,0.8648295,False,"(0.8, 0.9]",Analyst Review,0.99
27,0,0.8235465,0.82943314,False,"(0.8, 0.9]",Analyst Review,0.99
27,0,0.8224706,0.82866,False,"(0.8, 0.9]",Analyst Review,0.99
27,0,0.9857401,0.972671,False,"(0.95, 1.0]",Analyst Review,0.99
27,0,0.9888687,0.977187,False,"(0.95, 1.0]",Analyst Review,0.99
27,0,0.97704357,0.96135503,False,"(0.95, 1.0]",Analyst Review,0.99
27,0,0.9952136,0.9876946,False,"(0.95, 1.0]",Analyst Review,0.99
20,0,0.4972011,0.607228,False,"(0.6, 0.7]",Analyst Review,0.99
27,0,0.97354966,0.9571666,False,"(0.95, 1.0]",Analyst Review,0.99
24,0,0.97725177,0.9616099,False,"(0.95, 1.0]",Analyst Review,0.99
27,0,0.99307925,0.98387986,False,"(0.95, 1.0]",Analyst Review,0.99
27,0,0.99480313,0.9869299,False,"(0.95, 1.0]",Analyst Review,0.99
27,0,0.99743193,0.9922076,False,"(0.95, 1.0]",Automatic Alert,0.99
20,0,0.9982424,0.994103,False,"(0.95, 1.0]",Automatic Alert,0.99
27,0,0.92811114,0.9115729,False,"(0.9, 0.95]",Analyst Review,0.99
27,0,0.9885854,0.97676474,False,"(0.95, 1.0]",Analyst Review,0.99
27,0,0.9850664,0.9717361,False,"(0.95, 1.0]",Analyst Review,0.99
27,0,0.98855096,0.97671366,False,"(0.95, 1.0]",Analyst Review,0.99
27,0,0.8852454,0.87574124,False,"(0.8, 0.9]",Analyst Review,0.99
27,0,0.8309048,0.8347454,False,"(0.8, 0.9]",Analyst Review,0.99
30,31,0.79395336,0.808469,False,"(0.8, 0.9]",Analyst Review,0.99
27,0,0.99361986,0.9848113,False,"(0.95, 1.0]",Analyst Review,0.99
18,17,0.9875594,0.97525907,False,"(0.95, 1.0]",Analyst Review,0.99
27,0,0.9900349,0.97895753,False,"(0.95, 1.0]",Analyst Review,0.99
27,0,0.98507845,0.97175276,False,"(0.95, 1.0]",Analyst Review,0.99
0,27,0.562484,0.6523727,False,"(0.6, 0.7]",Analyst Review,0.99
27,0,0.99463934,0.98662937,False,"(0.95, 1.0]",Analyst Review,0.99
26,0,0.99948347,0.9976065,False,"(0.95, 1.0]",Automatic Alert,0.99
27,0,0.95238876,0.9344015,False,"(0.9, 0.95]",Analyst Review,0.99
27,0,0.9982079,0.9940182,False,"(0.95, 1.0]",Automatic Alert,0.99
28,0,0.92365676,0.9076308,False,"(0.9, 0.95]",Analyst Review,0.99
25,0,0.9121675,0.8977317,False,"(0.8, 0.9]",Analyst Review,0.99
27,0,0.9893467,0.97790617,False,"(0.95, 1.0]",Analyst Review,0.99
27,0,0.9943116,0.98603535,False,"(0.95, 1.0]",Analyst Review,0.99
29,0,0.98018026,0.9652695,False,"(0.95, 1.0]",Analyst Review,0.99
27,0,0.98598886,0.9730191,False,"(0.95, 1.0]",Analyst Review,0.99
10,8,0.35450312,0.5003426,False,"(0.5, 0.6]",Analyst Review,0.99
27,0,0.6268858,0.6957465,False,"(0.6, 0.7]",Analyst Review,0.99
27,0,0.9963983,0.9900109,False,"(0.95, 1.0]",Automatic Alert,0.99
27,0,0.99728274,0.99187756,False,"(0.95, 1.0]",Automatic Alert,0.99
27,0,0.9775974,0.9620347,False,"(0.95, 1.0]",Analyst Review,0.99
27,0,0.99369264,0.9849384,False,"(0.95, 1.0]",Analyst Review,0.99
27,0,0.9896562,0.9783766,False,"(0.95, 1.0]",Analyst Review,0.99
27,0,0.96824193,0.9510874,False,"(0.95, 1.0]",Analyst Review,0.99
28,4,0.5666377,0.655197,False,"(0.6, 0.7]",Analyst Review,0.99
27,0,0.9927206,0.9832729,False,"(0.95, 1.0]",Analyst Review,0.99
27,0,0.890381,0.8798265,False,"(0.8, 0.9]",Analyst Review,0.99
27,0,0.94706774,0.9291679,False,"(0.9, 0.95]",Analyst Review,0.99
27,0,0.9887918,0.9770722,False,"(0.95, 1.0]",Analyst Review,0.99
27,0,0.9907478,0.980068,False,"(0.95, 1.0]",Analyst Review,0.99
27,0,0.9343048,0.91716504,False,"(0.9, 0.95]",Analyst Review,0.99
27,0,0.9977937,0.99303013,False,"(0.95, 1.0]",Automatic Alert,0.99
0,27,0.6463154,0.7087164,False,"(0.7, 0.8]",Analyst Review,0.99
5,10,0.6640787,0.72055835,False,"(0.7, 0.8]",Analyst Review,0.99
27,0,0.9682113,0.9510531,False,"(0.95, 1.0]",Analyst Review,0.99
27,0,0.98260224,0.9684115,False,"(0.95, 1.0]",Analyst Review,0.99
27,0,0.9900018,0.9789065,False,"(0.95, 1.0]",Analyst Review,0.99
27,0,0.9983955,0.99448544,False,"(0.95, 1.0]",Automatic Alert,0.99
27,0,0.7458624,0.77539635,False,"(0.7, 0.8]",Analyst Review,0.99
27,0,0.98426384,0.9706377,False,"(0.95, 1.0]",Analyst Review,0.99
27,0,0.99407864,0.9856188,False,"(0.95, 1.0]",Analyst Review,0.99
0,24,0.9373706,0.9199855,False,"(0.9, 0.95]",Analyst Review,0.99
27,0,0.96989554,0.9529486,False,"(0.95, 1.0]",Analyst Review,0.99
5,10,0.99204165,0.98214585,False,"(0.95, 1.0]",Analyst Review,0.99
27,0,0.9645774,0.9470561,False,"(0.9, 0.95]",Analyst Review,0.99
5,10,0.9927933,0.98339534,False,"(0.95, 1.0]",Analyst Review,0.99
5,10,0.9528987,0.93491125,False,"(0.9, 0.95]",Analyst Review,0.99
1,0,0.78150207,0.7998072,False,"(0.7, 0.8]",Analyst Review,0.99
27,0,0.9747832,0.9586265,False,"(0.95, 1.0]",Analyst Review,0.99
27,0,0.75080776,0.7787555,False,"(0.7, 0.8]",Analyst Review,0.99
27,0,0.9665443,0.9492046,False,"(0.9, 0.95]",Analyst Review,0.99
27,0,0.92721844,0.91077775,False,"(0.9, 0.95]",Analyst Review,0.99
27,0,0.9057809,0.8923764,False,"(0.8, 0.9]",Analyst Review,0.99
18,17,0.94243675,0.92473,False,"(0.9, 0.95]",Analyst Review,0.99
27,0,0.9853158,0.97208077,False,"(0.95, 1.0]",Analyst Review,0.99
27,0,0.9694214,0.952412,False,"(0.95, 1.0]",Analyst Review,0.99
27,0,0.971455,0.9547301,False,"(0.95, 1.0]",Analyst Review,0.99
27,0,0.98135114,0.9667742,False,"(0.95, 1.0]",Analyst Review,0.99
27,0,0.96175796,0.9440335,False,"(0.9, 0.95]",Analyst Review,0.99
15,18,0.91055006,0.8963662,False,"(0.8, 0.9]",Analyst Review,0.99
1,0,0.957304,0.9393816,False,"(0.9, 0.95]",Analyst Review,0.99
0,27,0.8207774,0.82744527,False,"(0.8, 0.9]",Analyst Review,0.99
27,0,0.98999363,0.97889394,False,"(0.95, 1.0]",Analyst Review,0.99
27,0,0.98020524,0.9653014,False,"(0.95, 1.0]",Analyst Review,0.99
27,0,0.9774169,0.9618127,False,"(0.95, 1.0]",Analyst Review,0.99
27,0,0.94747275,0.929561,False,"(0.9, 0.95]",Analyst Review,0.99
27,0,0.9960141,0.9892398,False,"(0.95, 1.0]",Analyst Review,0.99
27,0,0.9358411,0.9185738,False,"(0.9, 0.95]",Analyst Review,0.99
27,0,0.9832122,0.9692215,False,"(0.95, 1.0]",Analyst Review,0.99
27,0,0.9959943,0.9892007,False,"(0.95, 1.0]",Analyst Review,0.99
27,0,0.8930363,0.8819571,False,"(0.8, 0.9]",Analyst Review,0.99
27,0,0.9479117,0.929988,False,"(0.9, 0.95]",Analyst Review,0.99
0,27,0.5014175,0.61019456,False,"(0.6, 0.7]",Analyst Review,0.99
21,0,0.8518496,0.85013694,False,"(0.8, 0.9]",Analyst Review,0.99
27,0,0.97022814,0.9533263,False,"(0.95, 1.0]",Analyst Review,0.99
27,0,0.7767675,0.7965341,False,"(0.7, 0.8]",Analyst Review,0.99
3,0,0.75380594,0.780796,False,"(0.7, 0.8]",Analyst Review,0.99
27,0,0.9779748,0.9625005,False,"(0.95, 1.0]",Analyst Review,0.99
27,0,0.9237616,0.90772283,False,"(0.9, 0.95]",Analyst Review,0.99
27,0,0.98587865,0.9728646,False,"(0.95, 1.0]",Analyst Review,0.99
27,0,0.9648496,0.9473514,False,"(0.9, 0.95]",Analyst Review,0.99
27,0,0.8134825,0.82223636,False,"(0.8, 0.9]",Analyst Review,0.99
30,31,0.9137406,0.89906603,False,"(0.8, 0.9]",Analyst Review,0.99
27,0,0.92188686,0.90608156,False,"(0.9, 0.95]",Analyst Review,0.99
27,0,0.91103905,0.89677835,False,"(0.8, 0.9]",Analyst Review,0.99
27,0,0.9156266,0.90067416,False,"(0.9, 0.95]",Analyst Review,0.99
27,0,0.92824286,0.91169035,False,"(0.9, 0.95]",Analyst Review,0.99
27,0,0.96870315,0.9516038,False,"(0.95, 1.0]",Analyst Review,0.99
27,0,0.921207,0.90548897,False,"(0.9, 0.95]",Analyst Review,0.99
1,0,0.8101124,0.8198429,False,"(0.8, 0.9]",Analyst Review,0.99
27,0,0.9433503,0.92559755,False,"(0.9, 0.95]",Analyst Review,0.99
27,0,0.9934164,0.98445845,False,"(0.95, 1.0]",Analyst Review,0.99
27,0,0.9638387,0.94625795,False,"(0.9, 0.95]",Analyst Review,0.99
3,0,0.9903943,0.9795145,False,"(0.95, 1.0]",Analyst Review,0.99
12,0,0.85841435,0.85505545,False,"(0.8, 0.9]",Analyst Review,0.99
31,30,0.8286691,0.83312654,False,"(0.8, 0.9]",Analyst Review,0.99
18,17,0.52443767,0.62625575,False,"(0.6, 0.7]",Analyst Review,0.99
27,0,0.784444,0.8018465,False,"(0.8, 0.9]",Analyst Review,0.99
27,0,0.9625295,0.94485426,False,"(0.9, 0.95]",Analyst Review,0.99
0,27,0.52792805,0.6286725,False,"(0.6, 0.7]",Analyst Review,0.99
11,0,0.998014,0.9935487,False,"(0.95, 1.0]",Automatic Alert,0.99
27,0,0.9829919,0.9689279,False,"(0.95, 1.0]",Analyst Review,0.99
18,15,0.7750907,0.7953774,False,"(0.7, 0.8]",Analyst Review,0.99
19,0,0.9127841,0.898254,False,"(0.8, 0.9]",Analyst Review,0.99
27,0,0.9894332,0.97803736,False,"(0.95, 1.0]",Analyst Review,0.99
27,0,0.98749894,0.97517157,False,"(0.95, 1.0]",Analyst Review,0.99
27,0,0.8173738,0.82501006,False,"(0.8, 0.9]",Analyst Review,0.99
27,0,0.99284995,0.9834909,False,"(0.95, 1.0]",Analyst Review,0.99
27,0,0.8718728,0.86530435,False,"(0.8, 0.9]",Analyst Review,0.99
27,0,0.99842274,0.9945544,False,"(0.95, 1.0]",Automatic Alert,0.99
27,0,0.9806511,0.9658716,False,"(0.95, 1.0]",Analyst Review,0.99
27,0,0.99549234,0.988224,False,"(0.95, 1.0]",Analyst Review,0.99
27,0,0.9508324,0.9328548,False,"(0.9, 0.95]",Analyst Review,0.99
27,0,0.8261505,0.83130795,False,"(0.8, 0.9]",Analyst Review,0.99
27,0,0.9400424,0.922474,False,"(0.9, 0.95]",Analyst Review,0.99
0,27,0.5510496,0.6445725,False,"(0.6, 0.7]",Analyst Review,0.99
27,0,0.70217603,0.7459869,False,"(0.7, 0.8]",Analyst Review,0.99
25,0,0.9665278,0.94918644,False,"(0.9, 0.95]",Analyst Review,0.99
27,0,0.962495,0.9448174,False,"(0.9, 0.95]",Analyst Review,0.99
27,0,0.9834125,0.9694893,False,"(0.95, 1.0]",Analyst Review,0.99
27,0,0.68720245,0.73598015,False,"(0.7, 0.8]",Analyst Review,0.99
27,0,0.9271669,0.91073185,False,"(0.9, 0.95]",Analyst Review,0.99
27,0,0.97141975,0.95468956,False,"(0.95, 1.0]",Analyst Review,0.99
27,0,0.9884682,0.976591,False,"(0.95, 1.0]",Analyst Review,0.99
27,0,0.9849628,0.9715934,False,"(0.95, 1.0]",Analyst Review,0.99
27,0,0.9688043,0.95171726,False,"(0.95, 1.0]",Analyst Review,0.99
27,0,0.992847,0.98348594,False,"(0.95, 1.0]",Analyst Review,0.99
27,0,0.8311649,0.834934,False,"(0.8, 0.9]",Analyst Review,0.99
27,0,0.99536383,0.9879788,False,"(0.95, 1.0]",Analyst Review,0.99
27,0,0.52512854,0.62673444,False,"(0.6, 0.7]",Analyst Review,0.99
27,0,0.9993325,0.99710876,False,"(0.95, 1.0]",Automatic Alert,0.99
27,0,0.9136587,0.89899635,False,"(0.8, 0.9]",Analyst Review,0.99
16,10,0.47630724,0.592402,False,"(0.5, 0.6]",Analyst Review,0.99
27,0,0.96817726,0.9510152,False,"(0.95, 1.0]",Analyst Review,0.99
27,0,0.8295305,0.8337498,False,"(0.8, 0.9]",Analyst Review,0.99
27,0,0.98849547,0.97663134,False,"(0.95, 1.0]",Analyst Review,0.99
27,0,0.97520065,0.9591251,False,"(0.95, 1.0]",Analyst Review,0.99
0,27,0.55923724,0.6501617,False,"(0.6, 0.7]",Analyst Review,0.99
27,0,0.7978308,0.81118363,False,"(0.8, 0.9]",Analyst Review,0.99
27,0,0.953727,0.9357426,False,"(0.9, 0.95]",Analyst Review,0.99
0,27,0.6258296,0.6950405,False,"(0.6, 0.7]",Analyst Review,0.99
27,0,0.9620243,0.94431627,False,"(0.9, 0.95]",Analyst Review,0.99
27,0,0.9875559,0.97525406,False,"(0.95, 1.0]",Analyst Review,0.99
27,0,0.9854193,0.9722242,False,"(0.95, 1.0]",Analyst Review,0.99
27,0,0.9449873,0.92716163,False,"(0.9, 0.95]",Analyst Review,0.99
18,17,0.9938788,0.9852651,False,"(0.95, 1.0]",Analyst Review,0.99
27,0,0.98498684,0.97162646,False,"(0.95, 1.0]",Analyst Review,0.99
27,0,0.8139982,0.82260334,False,"(0.8, 0.9]",Analyst Review,0.99
4,0,0.7044592,0.7475149,False,"(0.7, 0.8]",Analyst Review,0.99
27,0,0.7447059,0.77461183,False,"(0.7, 0.8]",Analyst Review,0.99
27,0,0.8382948,0.8401277,False,"(0.8, 0.9]",Analyst Review,0.99
27,0,0.9906461,0.97990817,False,"(0.95, 1.0]",Analyst Review,0.99
27,0,0.9988123,0.9955804,False,"(0.95, 1.0]",Automatic Alert,0.99
27,0,0.9886453,0.9768538,False,"(0.95, 1.0]",Analyst Review,0.99
27,0,0.8957848,0.88417643,False,"(0.8, 0.9]",Analyst Review,0.99
27,0,0.9897368,0.97849977,False,"(0.95, 1.0]",Analyst Review,0.99
27,0,0.9287197,0.9121164,False,"(0.9, 0.95]",Analyst Review,0.99
27,0,0.97083473,0.95401835,False,"(0.95, 1.0]",Analyst Review,0.99
27,0,0.9978123,0.9930734,False,"(0.95, 1.0]",Automatic Alert,0.99
27,0,0.9344643,0.9173109,False,"(0.9, 0.95]",Analyst Review,0.99
0,27,0.5510496,0.6445725,False,"(0.6, 0.7]",Analyst Review,0.99
27,0,0.97040886,0.9535321,False,"(0.95, 1.0]",Analyst Review,0.99
13,5,0.8622478,0.85795105,False,"(0.8, 0.9]",Analyst Review,0.99
27,0,0.92624086,0.90990996,False,"(0.9, 0.95]",Analyst Review,0.99
27,0,0.96604586,0.9486568,False,"(0.9, 0.95]",Analyst Review,0.99
27,0,0.9913139,0.98096657,False,"(0.95, 1.0]",Analyst Review,0.99
27,0,0.9765886,0.96079993,False,"(0.95, 1.0]",Analyst Review,0.99
18,0,0.7846561,0.8019937,False,"(0.8, 0.9]",Analyst Review,0.99
27,0,0.9898454,0.97866607,False,"(0.95, 1.0]",Analyst Review,0.99
12,28,0.6384048,0.70343906,False,"(0.7, 0.8]",Analyst Review,0.99
27,0,0.96846694,0.95133907,False,"(0.95, 1.0]",Analyst Review,0.99
27,0,0.97083694,0.95402086,False,"(0.95, 1.0]",Analyst Review,0.99
27,0,0.97419375,0.95792645,False,"(0.95, 1.0]",Analyst Review,0.99
27,0,0.9784807,0.9631287,False,"(0.95, 1.0]",Analyst Review,0.99
27,0,0.7760148,0.79601467,False,"(0.7, 0.8]",Analyst Review,0.99
27,0,0.9906998,0.97999257,False,"(0.95, 1.0]",Analyst Review,0.99
27,0,0.94799,0.9300643,False,"(0.9, 0.95]",Analyst Review,0.99
27,0,0.9847217,0.9712624,False,"(0.95, 1.0]",Analyst Review,0.99
9,0,0.74295497,0.77342486,False,"(0.7, 0.8]",Analyst Review,0.99
27,0,0.9556051,0.9376431,False,"(0.9, 0.95]",Analyst Review,0.99
0,27,0.7723596,0.7934961,False,"(0.7, 0.8]",Analyst Review,0.99
27,0,0.9708825,0.95407295,False,"(0.95, 1.0]",Analyst Review,0.99
27,0,0.9752354,0.95916677,False,"(0.95, 1.0]",Analyst Review,0.99
27,0,0.8546285,0.8522129,False,"(0.8, 0.9]",Analyst Review,0.99
27,0,0.95009726,0.93212885,False,"(0.9, 0.95]",Analyst Review,0.99
22,0,0.99833715,0.9943386,False,"(0.95, 1.0]",Automatic Alert,0.99
0,27,0.76217645,0.78650916,False,"(0.7, 0.8]",Analyst Review,0.99
27,0,0.99809927,0.9937536,False,"(0.95, 1.0]",Automatic Alert,0.99
27,0,0.99294126,0.98364544,False,"(0.95, 1.0]",Analyst Review,0.99
31,0,0.759663,0.784791,False,"(0.7, 0.8]",Analyst Review,0.99
27,0,0.89490855,0.8834673,False,"(0.8, 0.9]",Analyst Review,0.99
27,0,0.9452781,0.9274409,False,"(0.9, 0.95]",Analyst Review,0.99
27,0,0.96455294,0.94702965,False,"(0.9, 0.95]",Analyst Review,0.99
27,0,0.97297704,0.9564954,False,"(0.95, 1.0]",Analyst Review,0.99
27,0,0.9682128,0.9510548,False,"(0.95, 1.0]",Analyst Review,0.99
27,0,0.99441385,0.98621964,False,"(0.95, 1.0]",Analyst Review,0.99
10,17,0.645849,0.7084053,False,"(0.7, 0.8]",Analyst Review,0.99
16,0,0.9985643,0.9949184,False,"(0.95, 1.0]",Automatic Alert,0.99
5,0,0.9656384,0.94821084,False,"(0.9, 0.95]",Analyst Review,0.99
27,0,0.9971892,0.99167305,False,"(0.95, 1.0]",Automatic Alert,0.99
27,0,0.9557151,0.93775517,False,"(0.9, 0.95]",Analyst Review,0.99
27,0,0.95300007,0.9350128,False,"(0.9, 0.95]",Analyst Review,0.99
27,0,0.9383476,0.920892,False,"(0.9, 0.95]",Analyst Review,0.99
27,0,0.9579377,0.94003487,False,"(0.9, 0.95]",Analyst Review,0.99
27,0,0.95068836,0.93271226,False,"(0.9, 0.95]",Analyst Review,0.99
10,5,0.55472136,0.64708143,False,"(0.6, 0.7]",Analyst Review,0.99
27,0,0.99709857,0.9914767,False,"(0.95, 1.0]",Automatic Alert,0.99
0,27,0.6966248,0.74227417,False,"(0.7, 0.8]",Analyst Review,0.99
27,0,0.9871423,0.97465706,False,"(0.95, 1.0]",Analyst Review,0.99
27,0,0.96494704,0.9474573,False,"(0.9, 0.95]",Analyst Review,0.99
17,18,0.5896161,0.6707439,False,"(0.6, 0.7]",Analyst Review,0.99
0,27,0.5510496,0.6445725,False,"(0.6, 0.7]",Analyst Review,0.99
27,0,0.9642874,0.9467423,False,"(0.9, 0.95]",Analyst Review,0.99
27,0,0.97544026,0.9594124,False,"(0.95, 1.0]",Analyst Review,0.99
27,0,0.99607795,0.9893665,False,"(0.95, 1.0]",Analyst Review,0.99
27,0,0.62695694,0.69579405,False,"(0.6, 0.7]",Analyst Review,0.99
27,0,0.9517845,0.9337993,False,"(0.9, 0.95]",Analyst Review,0.99
27,0,0.9975834,0.9925479,False,"(0.95, 1.0]",Automatic Alert,0.99
27,0,0.9094362,0.89542955,False,"(0.8, 0.9]",Analyst Review,0.99
27,0,0.9857243,0.97264874,False,"(0.95, 1.0]",Analyst Review,0.99
27,0,0.67494345,0.7278015,False,"(0.7, 0.8]",Analyst Review,0.99
27,0,0.985443,0.9722572,False,"(0.95, 1.0]",Analyst Review,0.99
27,0,0.98270196,0.96854335,False,"(0.95, 1.0]",Analyst Review,0.99
27,0,0.94651634,0.9286341,False,"(0.9, 0.95]",Analyst Review,0.99
27,0,0.9944395,0.9862661,False,"(0.95, 1.0]",Analyst Review,0.99
27,0,0.9968094,0.99086106,False,"(0.95, 1.0]",Automatic Alert,0.99
27,0,0.922891,0.9069594,False,"(0.9, 0.95]",Analyst Review,0.99
27,0,0.97969145,0.96464866,False,"(0.95, 1.0]",Analyst Review,0.99
2,0,0.57437134,0.6604434,False,"(0.6, 0.7]",Analyst Review,0.99
27,0,0.7806925,0.7992468,False,"(0.7, 0.8]",Analyst Review,0.99
27,0,0.86437774,0.8595679,False,"(0.8, 0.9]",Analyst Review,0.99
27,0,0.9446118,0.9268018,False,"(0.9, 0.95]",Analyst Review,0.99
8,11,0.5376001,0.6353459,False,"(0.6, 0.7]",Analyst Review,0.99
27,0,0.9982085,0.99401975,False,"(0.95, 1.0]",Automatic Alert,0.99
27,0,0.9614272,0.943683,False,"(0.9, 0.95]",Analyst Review,0.99
27,0,0.97635865,0.9605206,False,"(0.95, 1.0]",Analyst Review,0.99
19,0,0.5334673,0.63249844,False,"(0.6, 0.7]",Analyst Review,0.99
27,0,0.98782337,0.97564316,False,"(0.95, 1.0]",Analyst Review,0.99
27,0,0.96416926,0.9466146,False,"(0.9, 0.95]",Analyst Review,0.99
27,0,0.9852084,0.9719321,False,"(0.95, 1.0]",Analyst Review,0.99
27,0,0.99310595,0.98392546,False,"(0.95, 1.0]",Analyst Review,0.99
27,0,0.95493907,0.93696666,False,"(0.9, 0.95]",Analyst Review,0.99
25,0,0.86974066,0.86366475,False,"(0.8, 0.9]",Analyst Review,0.99
28,12,0.42582595,0.555572,False,"(0.5, 0.6]",Analyst Review,0.99
27,0,0.5085416,0.6151888,False,"(0.6, 0.7]",Analyst Review,0.99
0,27,0.6502932,0.71136886,False,"(0.7, 0.8]",Analyst Review,0.99
27,0,0.7899291,0.8056605,False,"(0.8, 0.9]",Analyst Review,0.99
27,0,0.9962966,0.9898046,False,"(0.95, 1.0]",Analyst Review,0.99
27,0,0.9972356,0.99177426,False,"(0.95, 1.0]",Automatic Alert,0.99
11,0,0.960982,0.9432127,False,"(0.9, 0.95]",Analyst Review,0.99
18,17,0.99967825,0.99831176,False,"(0.95, 1.0]",Automatic Alert,0.99
27,0,0.96223503,0.94454044,False,"(0.9, 0.95]",Analyst Review,0.99
0,20,0.56838834,0.65638596,False,"(0.6, 0.7]",Analyst Review,0.99
27,0,0.9944079,0.9862089,False,"(0.95, 1.0]",Analyst Review,0.99
27,0,0.9816705,0.9671892,False,"(0.95, 1.0]",Analyst Review,0.99
27,0,0.98128843,0.966693,False,"(0.95, 1.0]",Analyst Review,0.99
27,0,0.9989209,0.9958817,False,"(0.95, 1.0]",Automatic Alert,0.99
27,0,0.9973558,0.9920385,False,"(0.95, 1.0]",Automatic Alert,0.99
18,15,0.85948914,0.8558655,False,"(0.8, 0.9]",Analyst Review,0.99
27,0,0.9804843,0.96565783,False,"(0.95, 1.0]",Analyst Review,0.99
27,0,0.97855866,0.9632258,False,"(0.95, 1.0]",Analyst Review,0.99
27,0,0.8676733,0.8620809,False,"(0.8, 0.9]",Analyst Review,0.99
27,0,0.9875307,0.9752176,False,"(0.95, 1.0]",Analyst Review,0.99
27,0,0.9790107,0.9637911,False,"(0.95, 1.0]",Analyst Review,0.99
27,0,0.9518016,0.9338164,False,"(0.9, 0.95]",Analyst Review,0.99
0,27,0.6510759,0.71189076,False,"(0.7, 0.8]",Analyst Review,0.99
27,0,0.991778,0.9817153,False,"(0.95, 1.0]",Analyst Review,0.99
27,0,0.9855605,0.9724205,False,"(0.95, 1.0]",Analyst Review,0.99
27,0,0.897409,0.88549477,False,"(0.8, 0.9]",Analyst Review,0.99
27,0,0.6875972,0.73624367,False,"(0.7, 0.8]",Analyst Review,0.99
27,0,0.9783398,0.9629533,False,"(0.95, 1.0]",Analyst Review,0.99
27,0,0.8175577,0.8251413,False,"(0.8, 0.9]",Analyst Review,0.99
24,0,0.9361463,0.91885483,False,"(0.9, 0.95]",Analyst Review,0.99
0,24,0.87148196,0.8650033,False,"(0.8, 0.9]",Analyst Review,0.99
27,0,0.96970034,0.95272744,False,"(0.95, 1.0]",Analyst Review,0.99
27,0,0.93294275,0.9159235,False,"(0.9, 0.95]",Analyst Review,0.99
27,0,0.99847823,0.994696,False,"(0.95, 1.0]",Automatic Alert,0.99
27,0,0.91223466,0.89778847,False,"(0.8, 0.9]",Analyst Review,0.99
27,0,0.99646395,0.99014485,False,"(0.95, 1.0]",Automatic Alert,0.99
27,0,0.9848104,0.971384,False,"(0.95, 1.0]",Analyst Review,0.99
27,0,0.9496195,0.9316587,False,"(0.9, 0.95]",Analyst Review,0.99
27,0,0.97345144,0.95705116,False,"(0.95, 1.0]",Analyst Review,0.99
0,27,0.602535,0.67943543,False,"(0.6, 0.7]",Analyst Review,0.99
27,0,0.9856623,0.9725624,False,"(0.95, 1.0]",Analyst Review,0.99
27,0,0.5362153,0.63439244,False,"(0.6, 0.7]",Analyst Review,0.99
27,0,0.99362,0.98481154,False,"(0.95, 1.0]",Analyst Review,0.99
27,0,0.90590835,0.8924823,False,"(0.8, 0.9]",Analyst Review,0.99
27,0,0.99847263,0.99468166,False,"(0.95, 1.0]",Automatic Alert,0.99
27,0,0.928065,0.9115317,False,"(0.9, 0.95]",Analyst Review,0.99
18,17,0.99326587,0.98419917,False,"(0.95, 1.0]",Analyst Review,0.99
27,0,0.96571624,0.94829595,False,"(0.9, 0.95]",Analyst Review,0.99
27,0,0.8683015,0.8625616,False,"(0.8, 0.9]",Analyst Review,0.99
27,0,0.99586844,0.98895276,False,"(0.95, 1.0]",Analyst Review,0.99
27,0,0.9776439,0.962092,False,"(0.95, 1.0]",Analyst Review,0.99
27,0,0.9798251,0.964818,False,"(0.95, 1.0]",Analyst Review,0.99
27,0,0.94774514,0.92982584,False,"(0.9, 0.95]",Analyst Review,0.99
27,0,0.9565628,0.9386208,False,"(0.9, 0.95]",Analyst Review,0.99
27,0,0.8742151,0.867113,False,"(0.8, 0.9]",Analyst Review,0.99
27,0,0.98658365,0.9738589,False,"(0.95, 1.0]",Analyst Review,0.99
24,0,0.8901641,0.8796529,False,"(0.8, 0.9]",Analyst Review,0.99
30,0,0.578321,0.66311723,False,"(0.6, 0.7]",Analyst Review,0.99
27,0,0.9778331,0.9623254,False,"(0.95, 1.0]",Analyst Review,0.99
27,0,0.98884505,0.9771516,False,"(0.95, 1.0]",Analyst Review,0.99
27,0,0.9898788,0.9787174,False,"(0.95, 1.0]",Analyst Review,0.99
31,30,0.9081577,0.89435816,False,"(0.8, 0.9]",Analyst Review,0.99
27,0,0.9960508,0.98931247,False,"(0.95, 1.0]",Analyst Review,0.99
8,10,0.9969778,0.9912177,False,"(0.95, 1.0]",Automatic Alert,0.99
27,0,0.85347015,0.85134655,False,"(0.8, 0.9]",Analyst Review,0.99
27,0,0.9795976,0.96453,False,"(0.95, 1.0]",Analyst Review,0.99
27,0,0.6769404,0.72913325,False,"(0.7, 0.8]",Analyst Review,0.99
15,0,0.90910614,0.89515257,False,"(0.8, 0.9]",Analyst Review,0.99
0,27,0.6387005,0.7036364,False,"(0.7, 0.8]",Analyst Review,0.99
27,0,0.98258924,0.9683943,False,"(0.95, 1.0]",Analyst Review,0.99
27,0,0.99321705,0.98411536,False,"(0.95, 1.0]",Analyst Review,0.99
27,0,0.966426,0.94907445,False,"(0.9, 0.95]",Analyst Review,0.99
27,0,0.6334144,0.70010775,False,"(0.7, 0.8]",Analyst Review,0.99
27,0,0.990119,0.97908735,False,"(0.95, 1.0]",Analyst Review,0.99
27,0,0.70491546,0.7478204,False,"(0.7, 0.8]",Analyst Review,0.99
27,0,0.83637,0.8387211,False,"(0.8, 0.9]",Analyst Review,0.99
27,0,0.99592835,0.9890704,False,"(0.95, 1.0]",Analyst Review,0.99
27,0,0.7206089,0.7583471,False,"(0.7, 0.8]",Analyst Review,0.99
13,8,0.9196551,0.9041411,False,"(0.9, 0.95]",Analyst Review,0.99
23,0,0.52007866,0.62323105,False,"(0.6, 0.7]",Analyst Review,0.99
27,0,0.9983719,0.9944258,False,"(0.95, 1.0]",Automatic Alert,0.99
13,10,0.81666136,0.8245014,False,"(0.8, 0.9]",Analyst Review,0.99
27,0,0.97155863,0.9548494,False,"(0.95, 1.0]",Analyst Review,0.99
8,12,0.33979112,0.48835883,False,"(0.0, 0.5]",Analyst Review,0.99
27,0,0.9889888,0.97736686,False,"(0.95, 1.0]",Analyst Review,0.99
19,0,0.82287884,0.8289532,False,"(0.8, 0.9]",Analyst Review,0.99
15,0,0.9948344,0.9869876,False,"(0.95, 1.0]",Analyst Review,0.99
27,0,0.9847452,0.9712946,False,"(0.95, 1.0]",Analyst Review,0.99
27,0,0.98942494,0.97802484,False,"(0.95, 1.0]",Analyst Review,0.99
15,0,0.997065,0.9914044,False,"(0.95, 1.0]",Automatic Alert,0.99
27,0,0.76904947,0.79122025,False,"(0.7, 0.8]",Analyst Review,0.99
27,0,0.98102623,0.96635413,False,"(0.95, 1.0]",Analyst Review,0.99
27,0,0.9892608,0.9777763,False,"(0.95, 1.0]",Analyst Review,0.99
6,0,0.7006719,0.7449805,False,"(0.7, 0.8]",Analyst Review,0.99
27,0,0.9425541,0.92484134,False,"(0.9, 0.95]",Analyst Review,0.99
27,0,0.86008143,0.85631245,False,"(0.8, 0.9]",Analyst Review,0.99
27,0,0.9703433,0.9534574,False,"(0.95, 1.0]",Analyst Review,0.99
27,0,0.988052,0.97597754,False,"(0.95, 1.0]",Analyst Review,0.99
27,0,0.8753925,0.86802506,False,"(0.8, 0.9]",Analyst Review,0.99
27,0,0.99066037,0.9799305,False,"(0.95, 1.0]",Analyst Review,0.99
0,25,0.8771356,0.8693792,False,"(0.8, 0.9]",Analyst Review,0.99
27,0,0.9615417,0.94380426,False,"(0.9, 0.95]",Analyst Review,0.99
27,0,0.9442803,0.9264846,False,"(0.9, 0.95]",Analyst Review,0.99
27,0,0.96210104,0.9443979,False,"(0.9, 0.95]",Analyst Review,0.99
27,0,0.9146495,0.8998399,False,"(0.8, 0.9]",Analyst Review,0.99
27,0,0.98922485,0.97772205,False,"(0.95, 1.0]",Analyst Review,0.99
27,0,0.98761785,0.975344,False,"(0.95, 1.0]",Analyst Review,0.99
27,0,0.9577752,0.93986696,False,"(0.9, 0.95]",Analyst Review,0.99
27,0,0.99415165,0.98574895,False,"(0.95, 1.0]",Analyst Review,0.99
27,0,0.987603,0.9753225,False,"(0.95, 1.0]",Analyst Review,0.99
27,0,0.9971726,0.99163693,False,"(0.95, 1.0]",Automatic Alert,0.99
10,12,0.72636783,0.7622216,False,"(0.7, 0.8]",Analyst Review,0.99
27,0,0.9964534,0.9901232,False,"(0.95, 1.0]",Automatic Alert,0.99
0,27,0.5179013,0.6217174,False,"(0.6, 0.7]",Analyst Review,0.99
27,0,0.98243076,0.9681852,False,"(0.95, 1.0]",Analyst Review,0.99
25,0,0.8132212,0.8220505,False,"(0.8, 0.9]",Analyst Review,0.99
27,0,0.9473907,0.9294813,False,"(0.9, 0.95]",Analyst Review,0.99
0,27,0.5039603,0.61197966,False,"(0.6, 0.7]",Analyst Review,0.99
27,0,0.9164475,0.9013771,False,"(0.9, 0.95]",Analyst Review,0.99
27,0,0.9926581,0.98316807,False,"(0.95, 1.0]",Analyst Review,0.99
27,0,0.98977435,0.9785573,False,"(0.95, 1.0]",Analyst Review,0.99
27,0,0.99824023,0.9940977,False,"(0.95, 1.0]",Automatic Alert,0.99
27,0,0.98879415,0.9770756,False,"(0.95, 1.0]",Analyst Review,0.99
27,0,0.99273866,0.98330337,False,"(0.95, 1.0]",Analyst Review,0.99
